Company,Linkedin company URL
Expertise Events,https://www.linkedin.com/company/expertise-events
MVK International Exhibition Company JSC,https://www.linkedin.com/company/jscstone
Exhibitions and Trade Fairs,https://www.linkedin.com/company/exhibitions-&-trade-fairs
Penton Media Europe,https://www.linkedin.com/company/penton-media-europe
"Trans World Exhibits, Inc.",https://www.linkedin.com/company/transworld-exhibits
The Clothing Manufacturers Association of India,https://www.linkedin.com/company/faitma
Motor Trend Auto Shows Inc.,https://www.linkedin.com/company/motor-trend-auto-shows-inc
Minstar (Australia) Enterprises Pty. Limited,https://www.linkedin.com/company/show-group-enterprises-pty-limited
Golden Triangle Shows,https://www.linkedin.com/company/golden-triangle-angelnet
USA International Fashion Shows,https://www.linkedin.com/company/scoop-international
International Association of Amusement Parks and Attractions (IAAPA),https://www.linkedin.com/company/iaapa
Toy Industry Association Inc.,https://www.linkedin.com/company/thetoyassociation
